grid_id,cell_area,density,roughness,avg_height,svf,density_class,roughness_class,Proposed_NbS,benefit_climate_adaptation,benefit_biodiversity,benefit_air_quality,benefit_water_management,benefit_social_wellbeing,benefit_economic_value,benefit_cooling_effect_celsius,benefit_pm25_removal_kg_yr,benefit_carbon_sequestration_kg_yr,benefit_runoff_reduction_percent,benefit_estimated_trees,benefit_overall_score,cost_inr,priority
0,22500,0.0,0.0,0.0,1.0,Very Low,Very Low,None,0,0,0,0,0,0,0.0,0.0,0.0,0.0,0,0.0,0,999
1,22500,0.0,0.0,0.0,1.0,Very Low,Very Low,None,0,0,0,0,0,0,0.0,0.0,0.0,0.0,0,0.0,0,999
2,22500,0.0,0.0,0.0,1.0,Very Low,Very Low,None,0,0,0,0,0,0,0.0,0.0,0.0,0.0,0,0.0,0,999
3,22500,0.0,0.0,0.0,1.0,Very Low,Very Low,None,0,0,0,0,0,0,0.0,0.0,0.0,0.0,0,0.0,0,999
4,22500,0.0,0.0,0.0,1.0,Very Low,Very Low,None,0,0,0,0,0,0,0.0,0.0,0.0,0.0,0,0.0,0,999
5,22500,0.02725622919360202,0.08176868758080606,6.0,0.9918231312419193,Very Low,Very Low,None,0,0,0,0,0,0,0.0,0.0,0.0,0.0,0,0.0,0,999
6,22500,0.0,0.0,0.0,1.0,Very Low,Very Low,None,0,0,0,0,0,0,0.0,0.0,0.0,0.0,0,0.0,0,999
7,22500,0.0,0.0,0.0,1.0,Very Low,Very Low,None,0,0,0,0,0,0,0.0,0.0,0.0,0.0,0,0.0,0,999
8,22500,0.0,0.0,0.0,1.0,Very Low,Very Low,None,0,0,0,0,0,0,0.0,0.0,0.0,0.0,0,0.0,0,999
9,22500,0.0,0.0,0.0,1.0,Very Low,Very Low,None,0,0,0,0,0,0,0.0,0.0,0.0,0.0,0,0.0,0,999
10,22500,0.0,0.0,0.0,1.0,Very Low,Very Low,None,0,0,0,0,0,0,0.0,0.0,0.0,0.0,0,0.0,0,999
11,22500,0.0,0.0,0.0,1.0,Very Low,Very Low,None,0,0,0,0,0,0,0.0,0.0,0.0,0.0,0,0.0,0,999
12,22500,0.0030657106000835863,0.009197131800250759,6.0,0.999080286819975,Very Low,Very Low,None,0,0,0,0,0,0,0.0,0.0,0.0,0.0,0,0.0,0,999
13,22500,0.1449938898401537,0.43498166952046113,6.0,0.9565018330479539,Very Low,Low,Permeable Pavement,3,1,2,5,2,4,1.5,0.0,0.0,80.0,0,56.66666666666667,1800000,4
14,22500,0.011836848062954616,0.035510544188863846,6.0,0.9964489455811136,Very Low,Very Low,None,0,0,0,0,0,0,0.0,0.0,0.0,0.0,0,0.0,0,999
15,22500,0.04763409338464951,0.1429022801539485,6.0,0.9857097719846052,Very Low,Low,None,0,0,0,0,0,0,0.0,0.0,0.0,0.0,0,0.0,0,999
16,22500,0.17074206721232257,0.5122262016369677,6.0,0.9487773798363033,Low,Medium,Rain Garden,4,4,3,5,4,4,1.5,0.0,0.0,90.0,0,80.0,1575000,6
17,22500,0.08480044978565643,0.2544013493569693,6.0,0.974559865064303,Very Low,Low,Permeable Pavement,3,1,2,5,2,4,1.5,0.0,0.0,80.0,0,56.66666666666667,1800000,4
18,22500,0.04118994696785476,0.12356984090356428,6.0,0.9876430159096435,Very Low,Low,None,0,0,0,0,0,0,0.0,0.0,0.0,0.0,0,0.0,0,999
19,22500,0.05276248018480522,0.15828744055441565,6.0,0.9841712559445585,Very Low,Low,Permeable Pavement,3,1,2,5,2,4,1.5,0.0,0.0,80.0,0,56.66666666666667,1800000,4
20,22500,0.03365547573570953,0.10096642720712859,6.0,0.9899033572792871,Very Low,Low,None,0,0,0,0,0,0,0.0,0.0,0.0,0.0,0,0.0,0,999
21,22500,0.0,0.0,0.0,1.0,Very Low,Very Low,None,0,0,0,0,0,0,0.0,0.0,0.0,0.0,0,0.0,0,999
22,22500,0.0,0.0,0.0,1.0,Very Low,Very Low,None,0,0,0,0,0,0,0.0,0.0,0.0,0.0,0,0.0,0,999
23,22500,0.0,0.0,0.0,1.0,Very Low,Very Low,None,0,0,0,0,0,0,0.0,0.0,0.0,0.0,0,0.0,0,999
24,22500,0.0,0.0,0.0,1.0,Very Low,Very Low,None,0,0,0,0,0,0,0.0,0.0,0.0,0.0,0,0.0,0,999
25,22500,0.0,0.0,0.0,1.0,Very Low,Very Low,None,0,0,0,0,0,0,0.0,0.0,0.0,0.0,0,0.0,0,999
26,22500,0.0012817079457698884,0.003845123837309665,6.0,0.9996154876162691,Very Low,Very Low,None,0,0,0,0,0,0,0.0,0.0,0.0,0.0,0,0.0,0,999
27,22500,0.0,0.0,0.0,1.0,Very Low,Very Low,None,0,0,0,0,0,0,0.0,0.0,0.0,0.0,0,0.0,0,999
28,22500,0.0,0.0,0.0,1.0,Very Low,Very Low,None,0,0,0,0,0,0,0.0,0.0,0.0,0.0,0,0.0,0,999
29,22500,0.0,0.0,0.0,1.0,Very Low,Very Low,None,0,0,0,0,0,0,0.0,0.0,0.0,0.0,0,0.0,0,999
30,22500,0.0,0.0,0.0,1.0,Very Low,Very Low,None,0,0,0,0,0,0,0.0,0.0,0.0,0.0,0,0.0,0,999
31,22500,0.0,0.0,0.0,1.0,Very Low,Very Low,None,0,0,0,0,0,0,0.0,0.0,0.0,0.0,0,0.0,0,999
32,22500,0.0045424370905954746,0.013627311271786423,6.0,0.9986372688728213,Very Low,Very Low,None,0,0,0,0,0,0,0.0,0.0,0.0,0.0,0,0.0,0,999
33,22500,0.01929946728187473,0.057898401845624184,6.0,0.9942101598154376,Very Low,Very Low,None,0,0,0,0,0,0,0.0,0.0,0.0,0.0,0,0.0,0,999
34,22500,0.3308445642034626,0.9925336926103878,6.0,0.9007466307389612,Medium,Medium,Ventilation Corridor,5,3,5,2,4,3,2.5,1.68,2464.0,0.0,112,73.33333333333333,2250000,3
35,22500,0.058480530137055946,0.17544159041116783,6.0,0.9824558409588832,Very Low,Low,Permeable Pavement,3,1,2,5,2,4,1.5,0.0,0.0,80.0,0,56.66666666666667,1800000,4
36,22500,0.023572474134847345,0.07071742240454204,6.0,0.9929282577595459,Very Low,Very Low,None,0,0,0,0,0,0,0.0,0.0,0.0,0.0,0,0.0,0,999
37,22500,0.39527164537777715,1.1858149361333314,6.0,0.8814185063866669,Medium,High,Ventilation Corridor,5,3,5,2,4,3,2.5,1.68,2464.0,0.0,112,73.33333333333333,2250000,3
38,22500,0.19996891671441033,0.599906750143231,6.0,0.9400093249856769,Low,Medium,Rain Garden,4,4,3,5,4,4,1.5,0.0,0.0,90.0,0,80.0,1575000,6
39,22500,0.1309633284335439,0.39288998530063174,6.0,0.9607110014699368,Very Low,Low,Permeable Pavement,3,1,2,5,2,4,1.5,0.0,0.0,80.0,0,56.66666666666667,1800000,4
40,22500,0.16949575984696919,0.5367365728487358,6.333333333333333,0.9463263427151264,Low,Medium,Rain Garden,4,4,3,5,4,4,1.5,0.0,0.0,90.0,0,80.0,1575000,6
41,22500,0.052902474675026324,0.15870742402507898,6.0,0.9841292575974921,Very Low,Low,Permeable Pavement,3,1,2,5,2,4,1.5,0.0,0.0,80.0,0,56.66666666666667,1800000,4
42,22500,0.0,0.0,0.0,1.0,Very Low,Very Low,None,0,0,0,0,0,0,0.0,0.0,0.0,0.0,0,0.0,0,999
43,22500,0.0,0.0,0.0,1.0,Very Low,Very Low,None,0,0,0,0,0,0,0.0,0.0,0.0,0.0,0,0.0,0,999
44,22500,0.0,0.0,0.0,1.0,Very Low,Very Low,None,0,0,0,0,0,0,0.0,0.0,0.0,0.0,0,0.0,0,999
45,22500,0.0,0.0,0.0,1.0,Very Low,Very Low,None,0,0,0,0,0,0,0.0,0.0,0.0,0.0,0,0.0,0,999
46,22500,0.0,0.0,0.0,1.0,Very Low,Very Low,None,0,0,0,0,0,0,0.0,0.0,0.0,0.0,0,0.0,0,999
47,22500,0.01189524718172051,0.03568574154516153,6.0,0.9964314258454838,Very Low,Very Low,None,0,0,0,0,0,0,0.0,0.0,0.0,0.0,0,0.0,0,999
48,22500,0.0,0.0,0.0,1.0,Very Low,Very Low,None,0,0,0,0,0,0,0.0,0.0,0.0,0.0,0,0.0,0,999
49,22500,0.0,0.0,0.0,1.0,Very Low,Very Low,None,0,0,0,0,0,0,0.0,0.0,0.0,0.0,0,0.0,0,999
50,22500,0.0,0.0,0.0,1.0,Very Low,Very Low,None,0,0,0,0,0,0,0.0,0.0,0.0,0.0,0,0.0,0,999
51,22500,0.0,0.0,0.0,1.0,Very Low,Very Low,None,0,0,0,0,0,0,0.0,0.0,0.0,0.0,0,0.0,0,999
52,22500,0.0,0.0,0.0,1.0,Very Low,Very Low,None,0,0,0,0,0,0,0.0,0.0,0.0,0.0,0,0.0,0,999
53,22500,0.04965778405392499,0.14897335216177499,6.0,0.9851026647838225,Very Low,Low,None,0,0,0,0,0,0,0.0,0.0,0.0,0.0,0,0.0,0,999
54,22500,0.028918154658424233,0.0867544639752727,6.0,0.9913245536024727,Very Low,Very Low,None,0,0,0,0,0,0,0.0,0.0,0.0,0.0,0,0.0,0,999
55,22500,0.24591364446019354,0.7377409333805807,6.0,0.9262259066619419,Low,Medium,Rain Garden,4,4,3,5,4,4,1.5,0.0,0.0,90.0,0,80.0,1575000,6
56,22500,0.0262211629254163,0.0786634887762489,6.0,0.9921336511223751,Very Low,Very Low,None,0,0,0,0,0,0,0.0,0.0,0.0,0.0,0,0.0,0,999
57,22500,0.0,0.0,0.0,1.0,Very Low,Very Low,None,0,0,0,0,0,0,0.0,0.0,0.0,0.0,0,0.0,0,999
58,22500,0.21145141505225312,0.6343542451567594,6.0,0.936564575484324,Low,Medium,Rain Garden,4,4,3,5,4,4,1.5,0.0,0.0,90.0,0,80.0,1575000,6
59,22500,0.0956773734305471,0.28703212029164127,6.0,0.9712967879708359,Very Low,Low,Permeable Pavement,3,1,2,5,2,4,1.5,0.0,0.0,80.0,0,56.66666666666667,1800000,4
60,22500,0.055870038140748673,0.16761011442224602,6.0,0.9832389885577754,Very Low,Low,Permeable Pavement,3,1,2,5,2,4,1.5,0.0,0.0,80.0,0,56.66666666666667,1800000,4
61,22500,0.20236410643873334,0.6070923193162,6.0,0.93929076806838,Low,Medium,Rain Garden,4,4,3,5,4,4,1.5,0.0,0.0,90.0,0,80.0,1575000,6
62,22500,0.05142968830527438,0.15428906491582314,6.0,0.9845710935084176,Very Low,Low,Permeable Pavement,3,1,2,5,2,4,1.5,0.0,0.0,80.0,0,56.66666666666667,1800000,4
63,22500,0.017937763418205573,0.053813290254616716,6.0,0.9946186709745384,Very Low,Very Low,None,0,0,0,0,0,0,0.0,0.0,0.0,0.0,0,0.0,0,999
64,22500,0.015196218233426586,0.04558865470027976,6.0,0.9954411345299721,Very Low,Very Low,None,0,0,0,0,0,0,0.0,0.0,0.0,0.0,0,0.0,0,999
65,22500,0.0,0.0,0.0,1.0,Very Low,Very Low,None,0,0,0,0,0,0,0.0,0.0,0.0,0.0,0,0.0,0,999
66,22500,0.0,0.0,0.0,1.0,Very Low,Very Low,None,0,0,0,0,0,0,0.0,0.0,0.0,0.0,0,0.0,0,999
67,22500,0.0,0.0,0.0,1.0,Very Low,Very Low,None,0,0,0,0,0,0,0.0,0.0,0.0,0.0,0,0.0,0,999
68,22500,0.0,0.0,0.0,1.0,Very Low,Very Low,None,0,0,0,0,0,0,0.0,0.0,0.0,0.0,0,0.0,0,999
69,22500,0.01412100574528853,0.04236301723586559,6.0,0.9957636982764134,Very Low,Very Low,None,0,0,0,0,0,0,0.0,0.0,0.0,0.0,0,0.0,0,999
70,22500,0.053748486601347234,0.1612454598040417,6.0,0.9838754540195959,Very Low,Low,Permeable Pavement,3,1,2,5,2,4,1.5,0.0,0.0,80.0,0,56.66666666666667,1800000,4
71,22500,0.0,0.0,0.0,1.0,Very Low,Very Low,None,0,0,0,0,0,0,0.0,0.0,0.0,0.0,0,0.0,0,999
72,22500,0.0,0.0,0.0,1.0,Very Low,Very Low,None,0,0,0,0,0,0,0.0,0.0,0.0,0.0,0,0.0,0,999
73,22500,0.01182981258743392,0.03548943776230176,6.0,0.9964510562237698,Very Low,Very Low,None,0,0,0,0,0,0,0.0,0.0,0.0,0.0,0,0.0,0,999
74,22500,0.02341002192127707,0.07023006576383121,6.0,0.9929769934236169,Very Low,Very Low,None,0,0,0,0,0,0,0.0,0.0,0.0,0.0,0,0.0,0,999
75,22500,0.01796967215832732,0.05390901647498196,6.0,0.9946090983525018,Very Low,Very Low,None,0,0,0,0,0,0,0.0,0.0,0.0,0.0,0,0.0,0,999
76,22500,0.23312903581316066,0.699387107439482,6.0,0.9300612892560518,Low,Medium,Rain Garden,4,4,3,5,4,4,1.5,0.0,0.0,90.0,0,80.0,1575000,6
77,22500,0.07240686122416198,0.21722058367248595,6.0,0.9782779416327514,Very Low,Low,Permeable Pavement,3,1,2,5,2,4,1.5,0.0,0.0,80.0,0,56.66666666666667,1800000,4
78,22500,0.04424709928232986,0.13274129784698957,6.0,0.986725870215301,Very Low,Low,None,0,0,0,0,0,0,0.0,0.0,0.0,0.0,0,0.0,0,999
79,22500,0.050467753339114726,0.15140326001734417,6.0,0.9848596739982656,Very Low,Low,Permeable Pavement,3,1,2,5,2,4,1.5,0.0,0.0,80.0,0,56.66666666666667,1800000,4
80,22500,0.1158662110054464,0.3475986330163392,6.0,0.9652401366983661,Very Low,Low,Permeable Pavement,3,1,2,5,2,4,1.5,0.0,0.0,80.0,0,56.66666666666667,1800000,4
81,22500,0.1943106682486209,0.5829320047458627,6.0,0.9417067995254137,Low,Medium,Rain Garden,4,4,3,5,4,4,1.5,0.0,0.0,90.0,0,80.0,1575000,6
82,22500,0.17048953666591504,0.5114686099977451,6.0,0.9488531390002255,Low,Medium,Rain Garden,4,4,3,5,4,4,1.5,0.0,0.0,90.0,0,80.0,1575000,6
83,22500,0.027296547824324918,0.08188964347297475,6.0,0.9918110356527026,Very Low,Very Low,None,0,0,0,0,0,0,0.0,0.0,0.0,0.0,0,0.0,0,999
84,22500,0.0,0.0,0.0,1.0,Very Low,Very Low,None,0,0,0,0,0,0,0.0,0.0,0.0,0.0,0,0.0,0,999
85,22500,0.0,0.0,0.0,1.0,Very Low,Very Low,None,0,0,0,0,0,0,0.0,0.0,0.0,0.0,0,0.0,0,999
86,22500,0.0,0.0,0.0,1.0,Very Low,Very Low,None,0,0,0,0,0,0,0.0,0.0,0.0,0.0,0,0.0,0,999
87,22500,0.0,0.0,0.0,1.0,Very Low,Very Low,None,0,0,0,0,0,0,0.0,0.0,0.0,0.0,0,0.0,0,999
88,22500,0.0,0.0,0.0,1.0,Very Low,Very Low,None,0,0,0,0,0,0,0.0,0.0,0.0,0.0,0,0.0,0,999
89,22500,0.0,0.0,0.0,1.0,Very Low,Very Low,None,0,0,0,0,0,0,0.0,0.0,0.0,0.0,0,0.0,0,999
90,22500,0.015115837637003844,0.04534751291101153,6.0,0.9954652487088989,Very Low,Very Low,None,0,0,0,0,0,0,0.0,0.0,0.0,0.0,0,0.0,0,999
91,22500,0.06044816539963491,0.18134449619890472,6.0,0.9818655503801095,Very Low,Low,Permeable Pavement,3,1,2,5,2,4,1.5,0.0,0.0,80.0,0,56.66666666666667,1800000,4
92,22500,0.0,0.0,0.0,1.0,Very Low,Very Low,None,0,0,0,0,0,0,0.0,0.0,0.0,0.0,0,0.0,0,999
93,22500,0.0,0.0,0.0,1.0,Very Low,Very Low,None,0,0,0,0,0,0,0.0,0.0,0.0,0.0,0,0.0,0,999
94,22500,0.00046760483486644604,0.001402814504599338,6.0,0.99985971854954,Very Low,Very Low,None,0,0,0,0,0,0,0.0,0.0,0.0,0.0,0,0.0,0,999
95,22500,0.027246110152358137,0.0817383304570744,6.0,0.9918261669542926,Very Low,Very Low,None,0,0,0,0,0,0,0.0,0.0,0.0,0.0,0,0.0,0,999
96,22500,0.01763046927539264,0.05289140782617792,6.0,0.9947108592173822,Very Low,Very Low,None,0,0,0,0,0,0,0.0,0.0,0.0,0.0,0,0.0,0,999
97,22500,0.16950656058598432,0.5085196817579529,6.0,0.9491480318242047,Low,Medium,Rain Garden,4,4,3,5,4,4,1.5,0.0,0.0,90.0,0,80.0,1575000,6
98,22500,0.012832219507493376,0.03849665852248013,6.0,0.996150334147752,Very Low,Very Low,None,0,0,0,0,0,0,0.0,0.0,0.0,0.0,0,0.0,0,999
99,22500,0.21311316774835537,0.6393395032450662,6.0,0.9360660496754933,Low,Medium,Rain Garden,4,4,3,5,4,4,1.5,0.0,0.0,90.0,0,80.0,1575000,6
100,22500,0.05760689345876037,0.17282068037628112,6.0,0.9827179319623719,Very Low,Low,Permeable Pavement,3,1,2,5,2,4,1.5,0.0,0.0,80.0,0,56.66666666666667,1800000,4
101,22500,0.14384339250083616,0.4315301775025085,6.0,0.9568469822497492,Very Low,Low,Permeable Pavement,3,1,2,5,2,4,1.5,0.0,0.0,80.0,0,56.66666666666667,1800000,4
102,22500,0.21223896825405741,0.6367169047621722,6.0,0.9363283095237828,Low,Medium,Rain Garden,4,4,3,5,4,4,1.5,0.0,0.0,90.0,0,80.0,1575000,6
103,22500,0.19359470236676565,0.5807841071002969,6.0,0.9419215892899703,Low,Medium,Rain Garden,4,4,3,5,4,4,1.5,0.0,0.0,90.0,0,80.0,1575000,6
104,22500,0.027963067676614755,0.08388920302984426,6.0,0.9916110796970156,Very Low,Very Low,None,0,0,0,0,0,0,0.0,0.0,0.0,0.0,0,0.0,0,999
105,22500,0.0,0.0,0.0,1.0,Very Low,Very Low,None,0,0,0,0,0,0,0.0,0.0,0.0,0.0,0,0.0,0,999
106,22500,0.0,0.0,0.0,1.0,Very Low,Very Low,None,0,0,0,0,0,0,0.0,0.0,0.0,0.0,0,0.0,0,999
107,22500,0.0,0.0,0.0,1.0,Very Low,Very Low,None,0,0,0,0,0,0,0.0,0.0,0.0,0.0,0,0.0,0,999
108,22500,0.0,0.0,0.0,1.0,Very Low,Very Low,None,0,0,0,0,0,0,0.0,0.0,0.0,0.0,0,0.0,0,999
109,22500,0.043252075000017626,0.12975622500005288,6.0,0.9870243774999947,Very Low,Low,None,0,0,0,0,0,0,0.0,0.0,0.0,0.0,0,0.0,0,999
110,22500,0.0,0.0,0.0,1.0,Very Low,Very Low,None,0,0,0,0,0,0,0.0,0.0,0.0,0.0,0,0.0,0,999
111,22500,0.06757396607476635,0.20272189822429904,6.0,0.97972781017757,Very Low,Low,Permeable Pavement,3,1,2,5,2,4,1.5,0.0,0.0,80.0,0,56.66666666666667,1800000,4
112,22500,0.03686793579907265,0.11060380739721795,6.0,0.9889396192602782,Very Low,Low,None,0,0,0,0,0,0,0.0,0.0,0.0,0.0,0,0.0,0,999
113,22500,0.0,0.0,0.0,1.0,Very Low,Very Low,None,0,0,0,0,0,0,0.0,0.0,0.0,0.0,0,0.0,0,999
114,22500,0.0,0.0,0.0,1.0,Very Low,Very Low,None,0,0,0,0,0,0,0.0,0.0,0.0,0.0,0,0.0,0,999
115,22500,0.0,0.0,0.0,1.0,Very Low,Very Low,None,0,0,0,0,0,0,0.0,0.0,0.0,0.0,0,0.0,0,999
116,22500,0.015897354539006644,0.04769206361701993,6.0,0.995230793638298,Very Low,Very Low,None,0,0,0,0,0,0,0.0,0.0,0.0,0.0,0,0.0,0,999
117,22500,0.03075840915185743,0.09227522745557229,6.0,0.9907724772544427,Very Low,Very Low,None,0,0,0,0,0,0,0.0,0.0,0.0,0.0,0,0.0,0,999
118,22500,0.26459458659370666,0.7937837597811199,6.0,0.920621624021888,Low,Medium,Rain Garden,4,4,3,5,4,4,1.5,0.0,0.0,90.0,0,80.0,1575000,6
119,22500,0.06438061306273937,0.19314183918821812,6.0,0.9806858160811782,Very Low,Low,Permeable Pavement,3,1,2,5,2,4,1.5,0.0,0.0,80.0,0,56.66666666666667,1800000,4
120,22500,0.13067570920525393,0.39202712761576175,6.0,0.9607972872384238,Very Low,Low,Permeable Pavement,3,1,2,5,2,4,1.5,0.0,0.0,80.0,0,56.66666666666667,1800000,4
121,22500,0.00979001932606649,0.02937005797819947,6.0,0.99706299420218,Very Low,Very Low,None,0,0,0,0,0,0,0.0,0.0,0.0,0.0,0,0.0,0,999
122,22500,0.14237493566058312,0.42712480698174937,6.0,0.9572875193018251,Very Low,Low,Permeable Pavement,3,1,2,5,2,4,1.5,0.0,0.0,80.0,0,56.66666666666667,1800000,4
123,22500,0.15987259393838593,0.4796177818151578,6.0,0.9520382218184842,Low,Low,Permeable Pavement,3,1,2,5,2,4,1.5,0.0,0.0,80.0,0,56.66666666666667,1800000,4
124,22500,0.12742518701562702,0.3822755610468811,6.0,0.9617724438953119,Very Low,Low,Permeable Pavement,3,1,2,5,2,4,1.5,0.0,0.0,80.0,0,56.66666666666667,1800000,4
125,22500,0.05045444886638579,0.15136334659915737,6.0,0.9848636653400843,Very Low,Low,Permeable Pavement,3,1,2,5,2,4,1.5,0.0,0.0,80.0,0,56.66666666666667,1800000,4
126,22500,0.0,0.0,0.0,1.0,Very Low,Very Low,None,0,0,0,0,0,0,0.0,0.0,0.0,0.0,0,0.0,0,999
127,22500,0.0,0.0,0.0,1.0,Very Low,Very Low,None,0,0,0,0,0,0,0.0,0.0,0.0,0.0,0,0.0,0,999
128,22500,0.006432821695224422,0.019298465085673268,6.0,0.9980701534914327,Very Low,Very Low,None,0,0,0,0,0,0,0.0,0.0,0.0,0.0,0,0.0,0,999
129,22500,0.06934371149752107,0.20803113449256322,6.0,0.9791968865507437,Very Low,Low,Permeable Pavement,3,1,2,5,2,4,1.5,0.0,0.0,80.0,0,56.66666666666667,1800000,4
130,22500,0.11622591229523617,0.3486777368857085,6.0,0.9651322263114291,Very Low,Low,Permeable Pavement,3,1,2,5,2,4,1.5,0.0,0.0,80.0,0,56.66666666666667,1800000,4
131,22500,0.0,0.0,0.0,1.0,Very Low,Very Low,None,0,0,0,0,0,0,0.0,0.0,0.0,0.0,0,0.0,0,999
132,22500,0.0,0.0,0.0,1.0,Very Low,Very Low,None,0,0,0,0,0,0,0.0,0.0,0.0,0.0,0,0.0,0,999
133,22500,0.0,0.0,0.0,1.0,Very Low,Very Low,None,0,0,0,0,0,0,0.0,0.0,0.0,0.0,0,0.0,0,999
134,22500,0.0,0.0,0.0,1.0,Very Low,Very Low,None,0,0,0,0,0,0,0.0,0.0,0.0,0.0,0,0.0,0,999
135,22500,0.0,0.0,0.0,1.0,Very Low,Very Low,None,0,0,0,0,0,0,0.0,0.0,0.0,0.0,0,0.0,0,999
136,22500,0.04940902289064551,0.14822706867193652,6.0,0.9851772931328063,Very Low,Low,None,0,0,0,0,0,0,0.0,0.0,0.0,0.0,0,0.0,0,999
137,22500,0.024017972992673196,0.07205391897801959,6.0,0.992794608102198,Very Low,Very Low,None,0,0,0,0,0,0,0.0,0.0,0.0,0.0,0,0.0,0,999
138,22500,0.08369588806713349,0.2510876642014005,6.0,0.97489123357986,Very Low,Low,Permeable Pavement,3,1,2,5,2,4,1.5,0.0,0.0,80.0,0,56.66666666666667,1800000,4
139,22500,0.2544489887958645,0.7633469663875934,6.0,0.9236653033612406,Low,Medium,Rain Garden,4,4,3,5,4,4,1.5,0.0,0.0,90.0,0,80.0,1575000,6
140,22500,0.20042521484635156,0.6012756445390547,6.0,0.9398724355460946,Low,Medium,Rain Garden,4,4,3,5,4,4,1.5,0.0,0.0,90.0,0,80.0,1575000,6
141,22500,0.2856407392197726,0.8569222176593179,6.0,0.9143077782340682,Low,Medium,Rain Garden,4,4,3,5,4,4,1.5,0.0,0.0,90.0,0,80.0,1575000,6
142,22500,0.0,0.0,0.0,1.0,Very Low,Very Low,None,0,0,0,0,0,0,0.0,0.0,0.0,0.0,0,0.0,0,999
143,22500,0.1788939592973474,0.5366818778920421,6.0,0.9463318122107958,Low,Medium,Rain Garden,4,4,3,5,4,4,1.5,0.0,0.0,90.0,0,80.0,1575000,6
144,22500,0.22270483350572115,0.6681145005171635,6.0,0.9331885499482837,Low,Medium,Rain Garden,4,4,3,5,4,4,1.5,0.0,0.0,90.0,0,80.0,1575000,6
145,22500,0.23715203511748517,0.7114561053524555,6.0,0.9288543894647544,Low,Medium,Rain Garden,4,4,3,5,4,4,1.5,0.0,0.0,90.0,0,80.0,1575000,6
146,22500,0.03549543623307138,0.10648630869921413,6.0,0.9893513691300786,Very Low,Low,None,0,0,0,0,0,0,0.0,0.0,0.0,0.0,0,0.0,0,999
147,22500,0.0,0.0,0.0,1.0,Very Low,Very Low,None,0,0,0,0,0,0,0.0,0.0,0.0,0.0,0,0.0,0,999
148,22500,0.008531394283208742,0.025594182849626227,6.0,0.9974405817150374,Very Low,Very Low,None,0,0,0,0,0,0,0.0,0.0,0.0,0.0,0,0.0,0,999
149,22500,0.022440934692713133,0.0673228040781394,6.0,0.9932677195921861,Very Low,Very Low,None,0,0,0,0,0,0,0.0,0.0,0.0,0.0,0,0.0,0,999
150,22500,0.03458092644103493,0.10374277932310479,6.0,0.9896257220676895,Very Low,Low,None,0,0,0,0,0,0,0.0,0.0,0.0,0.0,0,0.0,0,999
151,22500,0.0,0.0,0.0,1.0,Very Low,Very Low,None,0,0,0,0,0,0,0.0,0.0,0.0,0.0,0,0.0,0,999
152,22500,0.06968246803142128,0.20904740409426384,6.0,0.9790952595905736,Very Low,Low,Permeable Pavement,3,1,2,5,2,4,1.5,0.0,0.0,80.0,0,56.66666666666667,1800000,4
153,22500,0.148638859749512,0.445916579248536,6.0,0.9554083420751464,Very Low,Low,Permeable Pavement,3,1,2,5,2,4,1.5,0.0,0.0,80.0,0,56.66666666666667,1800000,4
154,22500,0.15415714999531951,0.46247144998595857,6.0,0.9537528550014042,Low,Low,Permeable Pavement,3,1,2,5,2,4,1.5,0.0,0.0,80.0,0,56.66666666666667,1800000,4
155,22500,0.06719753427883098,0.20159260283649294,6.0,0.9798407397163507,Very Low,Low,Permeable Pavement,3,1,2,5,2,4,1.5,0.0,0.0,80.0,0,56.66666666666667,1800000,4
156,22500,0.0633001727607079,0.1899005182821237,6.0,0.9810099481717877,Very Low,Low,Permeable Pavement,3,1,2,5,2,4,1.5,0.0,0.0,80.0,0,56.66666666666667,1800000,4
157,22500,0.06823206848824331,0.20469620546472994,6.0,0.9795303794535271,Very Low,Low,Permeable Pavement,3,1,2,5,2,4,1.5,0.0,0.0,80.0,0,56.66666666666667,1800000,4
158,22500,0.01213743117639092,0.03641229352917276,6.0,0.9963587706470827,Very Low,Very Low,None,0,0,0,0,0,0,0.0,0.0,0.0,0.0,0,0.0,0,999
159,22500,0.028210706590147867,0.0846321197704436,6.0,0.9915367880229556,Very Low,Very Low,None,0,0,0,0,0,0,0.0,0.0,0.0,0.0,0,0.0,0,999
160,22500,0.2765018682612817,0.8295056047838452,6.0,0.9170494395216156,Low,Medium,Rain Garden,4,4,3,5,4,4,1.5,0.0,0.0,90.0,0,80.0,1575000,6
161,22500,0.33908005498910665,1.01724016496732,6.0,0.898275983503268,Medium,High,Ventilation Corridor,5,3,5,2,4,3,2.5,1.68,2464.0,0.0,112,73.33333333333333,2250000,3
162,22500,0.9811672291693363,2.943501687508009,6.0,0.7056498312491991,Very High,Very High,Green Roof,5,3,3,5,2,4,3.5,56.25,33750.0,60.0,0,73.33333333333333,3375000,1
163,22500,0.03315108595412079,0.09945325786236238,6.0,0.9900546742137638,Very Low,Very Low,None,0,0,0,0,0,0,0.0,0.0,0.0,0.0,0,0.0,0,999
164,22500,0.1305106979351039,0.3915320938053117,6.0,0.9608467906194689,Very Low,Low,Permeable Pavement,3,1,2,5,2,4,1.5,0.0,0.0,80.0,0,56.66666666666667,1800000,4
165,22500,0.23405394143539113,0.7021618243061734,6.0,0.9297838175693827,Low,Medium,Rain Garden,4,4,3,5,4,4,1.5,0.0,0.0,90.0,0,80.0,1575000,6
166,22500,0.19300264447047313,0.5790079334114194,6.0,0.942099206658858,Low,Medium,Rain Garden,4,4,3,5,4,4,1.5,0.0,0.0,90.0,0,80.0,1575000,6
167,22500,0.08278311186930704,0.2483493356079211,6.0,0.9751650664392079,Very Low,Low,Permeable Pavement,3,1,2,5,2,4,1.5,0.0,0.0,80.0,0,56.66666666666667,1800000,4
168,22500,0.010994310015165057,0.049474395068242756,9.0,0.9950525604931757,Very Low,Very Low,None,0,0,0,0,0,0,0.0,0.0,0.0,0.0,0,0.0,0,999
169,22500,0.04053452401584015,0.18240535807128067,9.0,0.981759464192872,Very Low,Low,None,0,0,0,0,0,0,0.0,0.0,0.0,0.0,0,0.0,0,999
170,22500,0.012193840241498626,0.03658152072449588,6.0,0.9963418479275504,Very Low,Very Low,None,0,0,0,0,0,0,0.0,0.0,0.0,0.0,0,0.0,0,999
171,22500,0.02277861329627487,0.0683358398888246,6.0,0.9931664160111175,Very Low,Very Low,None,0,0,0,0,0,0,0.0,0.0,0.0,0.0,0,0.0,0,999
172,22500,0.0,0.0,0.0,1.0,Very Low,Very Low,None,0,0,0,0,0,0,0.0,0.0,0.0,0.0,0,0.0,0,999
173,22500,0.019209633314784497,0.057628899944353495,6.0,0.9942371100055647,Very Low,Very Low,None,0,0,0,0,0,0,0.0,0.0,0.0,0.0,0,0.0,0,999
174,22500,0.0576331057434173,0.1728993172302519,6.0,0.9827100682769748,Very Low,Low,Permeable Pavement,3,1,2,5,2,4,1.5,0.0,0.0,80.0,0,56.66666666666667,1800000,4
175,22500,0.06017286234170881,0.1805185870251264,6.0,0.9819481412974873,Very Low,Low,Permeable Pavement,3,1,2,5,2,4,1.5,0.0,0.0,80.0,0,56.66666666666667,1800000,4
176,22500,0.07023492013587133,0.210704760407614,6.0,0.9789295239592386,Very Low,Low,Permeable Pavement,3,1,2,5,2,4,1.5,0.0,0.0,80.0,0,56.66666666666667,1800000,4
177,22500,0.17176826501427214,0.5153047950428165,6.0,0.9484695204957183,Low,Medium,Rain Garden,4,4,3,5,4,4,1.5,0.0,0.0,90.0,0,80.0,1575000,6
178,22500,0.20672234844354764,0.6201670453306429,6.0,0.9379832954669357,Low,Medium,Rain Garden,4,4,3,5,4,4,1.5,0.0,0.0,90.0,0,80.0,1575000,6
179,22500,0.07327145755628518,0.21981437266885556,6.0,0.9780185627331145,Very Low,Low,Permeable Pavement,3,1,2,5,2,4,1.5,0.0,0.0,80.0,0,56.66666666666667,1800000,4
180,22500,0.07860703587658364,0.23582110762975095,6.0,0.9764178892370249,Very Low,Low,Permeable Pavement,3,1,2,5,2,4,1.5,0.0,0.0,80.0,0,56.66666666666667,1800000,4
181,22500,0.27294390348087466,0.8188317104426239,6.0,0.9181168289557377,Low,Medium,Rain Garden,4,4,3,5,4,4,1.5,0.0,0.0,90.0,0,80.0,1575000,6
182,22500,0.28130668616674853,0.8439200585002455,6.0,0.9156079941499754,Low,Medium,Rain Garden,4,4,3,5,4,4,1.5,0.0,0.0,90.0,0,80.0,1575000,6
183,22500,0.9033886890242576,2.653704274008757,5.875,0.7346295725991243,Very High,Very High,Green Roof,5,3,3,5,2,4,3.5,56.25,33750.0,60.0,0,73.33333333333333,3375000,1
184,22500,0.1819292018695458,0.5003053051412509,5.5,0.9499694694858749,Low,Medium,Rain Garden,4,4,3,5,4,4,1.5,0.0,0.0,90.0,0,80.0,1575000,6
185,22500,0.2632755711025012,0.7898267133075036,6.0,0.9210173286692497,Low,Medium,Rain Garden,4,4,3,5,4,4,1.5,0.0,0.0,90.0,0,80.0,1575000,6
186,22500,0.26770552304006034,0.803116569120181,6.0,0.9196883430879819,Low,Medium,Rain Garden,4,4,3,5,4,4,1.5,0.0,0.0,90.0,0,80.0,1575000,6
187,22500,0.22891647265391923,0.6867494179617577,6.0,0.9313250582038243,Low,Medium,Rain Garden,4,4,3,5,4,4,1.5,0.0,0.0,90.0,0,80.0,1575000,6
188,22500,0.06849998037351708,0.20549994112055125,6.0,0.9794500058879448,Very Low,Low,Permeable Pavement,3,1,2,5,2,4,1.5,0.0,0.0,80.0,0,56.66666666666667,1800000,4
189,22500,0.033813510364714285,0.10144053109414286,6.0,0.9898559468905858,Very Low,Low,None,0,0,0,0,0,0,0.0,0.0,0.0,0.0,0,0.0,0,999
190,22500,0.03724955959166891,0.1676230181625101,9.0,0.983237698183749,Very Low,Low,None,0,0,0,0,0,0,0.0,0.0,0.0,0.0,0,0.0,0,999
191,22500,0.0,0.0,0.0,1.0,Very Low,Very Low,None,0,0,0,0,0,0,0.0,0.0,0.0,0.0,0,0.0,0,999
192,22500,0.0028921283528569428,0.008676385058570829,6.0,0.9991323614941429,Very Low,Very Low,None,0,0,0,0,0,0,0.0,0.0,0.0,0.0,0,0.0,0,999
193,22500,0.011979749330255657,0.035939247990766976,6.0,0.9964060752009233,Very Low,Very Low,None,0,0,0,0,0,0,0.0,0.0,0.0,0.0,0,0.0,0,999
194,22500,0.0,0.0,0.0,1.0,Very Low,Very Low,None,0,0,0,0,0,0,0.0,0.0,0.0,0.0,0,0.0,0,999
195,22500,0.328480491941868,0.985441475825604,6.0,0.9014558524174396,Medium,Medium,Ventilation Corridor,5,3,5,2,4,3,2.5,1.68,2464.0,0.0,112,73.33333333333333,2250000,3
196,22500,0.05249018065831065,0.15747054197493196,6.0,0.9842529458025068,Very Low,Low,Permeable Pavement,3,1,2,5,2,4,1.5,0.0,0.0,80.0,0,56.66666666666667,1800000,4
197,22500,0.08701851897668261,0.26105555693004784,6.0,0.9738944443069952,Very Low,Low,Permeable Pavement,3,1,2,5,2,4,1.5,0.0,0.0,80.0,0,56.66666666666667,1800000,4
198,22500,0.1090262337487288,0.32707870124618643,6.0,0.9672921298753814,Very Low,Low,Permeable Pavement,3,1,2,5,2,4,1.5,0.0,0.0,80.0,0,56.66666666666667,1800000,4
199,22500,0.183878723734598,0.6085510142645029,6.619047619047619,0.9391448985735498,Low,Medium,Rain Garden,4,4,3,5,4,4,1.5,0.0,0.0,90.0,0,80.0,1575000,6
200,22500,0.17148554213425324,0.5144566264027597,6.0,0.948554337359724,Low,Medium,Rain Garden,4,4,3,5,4,4,1.5,0.0,0.0,90.0,0,80.0,1575000,6
201,22500,0.08455741517335247,0.2536722455200574,6.0,0.9746327754479942,Very Low,Low,Permeable Pavement,3,1,2,5,2,4,1.5,0.0,0.0,80.0,0,56.66666666666667,1800000,4
202,22500,0.45161787250016633,1.369580287255939,6.065217391304348,0.8630419712744061,Medium,High,Ventilation Corridor,5,3,5,2,4,3,2.5,1.68,2464.0,0.0,112,73.33333333333333,2250000,3
203,22500,0.2628711036687788,0.7951850885980558,6.05,0.9204814911401944,Low,Medium,Rain Garden,4,4,3,5,4,4,1.5,0.0,0.0,90.0,0,80.0,1575000,6
204,22500,0.16948144037291224,0.5084443211187367,6.0,0.9491555678881263,Low,Medium,Rain Garden,4,4,3,5,4,4,1.5,0.0,0.0,90.0,0,80.0,1575000,6
205,22500,0.027657323021346953,0.08297196906404086,6.0,0.9917028030935959,Very Low,Very Low,None,0,0,0,0,0,0,0.0,0.0,0.0,0.0,0,0.0,0,999
206,22500,0.023815955923552207,0.07144786777065662,6.0,0.9928552132229344,Very Low,Very Low,None,0,0,0,0,0,0,0.0,0.0,0.0,0.0,0,0.0,0,999
207,22500,0.4688900285752958,1.4066700857258874,6.0,0.8593329914274113,Medium,High,Ventilation Corridor,5,3,5,2,4,3,2.5,1.68,2464.0,0.0,112,73.33333333333333,2250000,3
208,22500,0.40180891851641887,1.2054267555492566,6.0,0.8794573244450743,Medium,High,Ventilation Corridor,5,3,5,2,4,3,2.5,1.68,2464.0,0.0,112,73.33333333333333,2250000,3
209,22500,0.02292294482300839,0.06876883446902518,6.0,0.9931231165530975,Very Low,Very Low,None,0,0,0,0,0,0,0.0,0.0,0.0,0.0,0,0.0,0,999
210,22500,0.051470951854916784,0.20073671223417544,7.8,0.9799263287765825,Very Low,Low,Permeable Pavement,3,1,2,5,2,4,1.5,0.0,0.0,80.0,0,56.66666666666667,1800000,4
211,22500,0.03996057214397517,0.17125959490275072,8.571428571428571,0.9828740405097249,Very Low,Low,None,0,0,0,0,0,0,0.0,0.0,0.0,0.0,0,0.0,0,999
212,22500,0.024431971091217627,0.08795509592838346,7.2,0.9912044904071616,Very Low,Very Low,None,0,0,0,0,0,0,0.0,0.0,0.0,0.0,0,0.0,0,999
213,22500,0.0,0.0,0.0,1.0,Very Low,Very Low,None,0,0,0,0,0,0,0.0,0.0,0.0,0.0,0,0.0,0,999
214,22500,0.0,0.0,0.0,1.0,Very Low,Very Low,None,0,0,0,0,0,0,0.0,0.0,0.0,0.0,0,0.0,0,999
215,22500,0.0,0.0,0.0,1.0,Very Low,Very Low,None,0,0,0,0,0,0,0.0,0.0,0.0,0.0,0,0.0,0,999
216,22500,0.04371455724384786,0.13114367173154357,6.0,0.9868856328268456,Very Low,Low,None,0,0,0,0,0,0,0.0,0.0,0.0,0.0,0,0.0,0,999
217,22500,0.014329436180373196,0.04298830854111959,6.0,0.995701169145888,Very Low,Very Low,None,0,0,0,0,0,0,0.0,0.0,0.0,0.0,0,0.0,0,999
218,22500,0.11944641170584355,0.35833923511753063,6.0,0.9641660764882469,Very Low,Low,Permeable Pavement,3,1,2,5,2,4,1.5,0.0,0.0,80.0,0,56.66666666666667,1800000,4
219,22500,0.0,0.0,0.0,1.0,Very Low,Very Low,None,0,0,0,0,0,0,0.0,0.0,0.0,0.0,0,0.0,0,999
220,22500,0.10806872121454457,0.44890084196810826,8.307692307692308,0.9551099158031892,Very Low,Low,Permeable Pavement,3,1,2,5,2,4,1.5,0.0,0.0,80.0,0,56.66666666666667,1800000,4
221,22500,0.03044392250229898,0.09133176750689694,6.0,0.9908668232493103,Very Low,Very Low,None,0,0,0,0,0,0,0.0,0.0,0.0,0.0,0,0.0,0,999
222,22500,0.22542003843571212,0.6762601153071364,6.0,0.9323739884692863,Low,Medium,Rain Garden,4,4,3,5,4,4,1.5,0.0,0.0,90.0,0,80.0,1575000,6
223,22500,0.38731922301496985,1.1619576690449096,6.0,0.883804233095509,Medium,High,Ventilation Corridor,5,3,5,2,4,3,2.5,1.68,2464.0,0.0,112,73.33333333333333,2250000,3
224,22500,0.3377076276702661,1.0131228830107983,6.0,0.8986877116989201,Medium,High,Ventilation Corridor,5,3,5,2,4,3,2.5,1.68,2464.0,0.0,112,73.33333333333333,2250000,3
225,22500,0.12123425859344514,0.3637027757803354,6.0,0.9636297224219664,Very Low,Low,Permeable Pavement,3,1,2,5,2,4,1.5,0.0,0.0,80.0,0,56.66666666666667,1800000,4
226,22500,0.005441627194801846,0.016324881584405537,6.0,0.9983675118415595,Very Low,Very Low,None,0,0,0,0,0,0,0.0,0.0,0.0,0.0,0,0.0,0,999
227,22500,0.005433042541569551,0.016299127624708653,6.0,0.9983700872375292,Very Low,Very Low,None,0,0,0,0,0,0,0.0,0.0,0.0,0.0,0,0.0,0,999
228,22500,0.1997385068267758,0.5992155204803273,6.0,0.9400784479519673,Low,Medium,Rain Garden,4,4,3,5,4,4,1.5,0.0,0.0,90.0,0,80.0,1575000,6
229,22500,0.4018177598209947,1.2054532794629842,6.0,0.8794546720537015,Medium,High,Ventilation Corridor,5,3,5,2,4,3,2.5,1.68,2464.0,0.0,112,73.33333333333333,2250000,3
230,22500,0.06273092125519421,0.18819276376558264,6.0,0.9811807236234418,Very Low,Low,Permeable Pavement,3,1,2,5,2,4,1.5,0.0,0.0,80.0,0,56.66666666666667,1800000,4
231,22500,0.07939872550579499,0.23819617651738498,6.0,0.9761803823482615,Very Low,Low,Permeable Pavement,3,1,2,5,2,4,1.5,0.0,0.0,80.0,0,56.66666666666667,1800000,4
232,22500,0.09667173934419251,0.297265598483392,6.15,0.9702734401516608,Very Low,Low,Permeable Pavement,3,1,2,5,2,4,1.5,0.0,0.0,80.0,0,56.66666666666667,1800000,4
233,22500,0.020557420079006086,0.06167226023701826,6.0,0.9938327739762982,Very Low,Very Low,None,0,0,0,0,0,0,0.0,0.0,0.0,0.0,0,0.0,0,999
234,22500,0.07807164121763206,0.2342149236528962,6.0,0.9765785076347104,Very Low,Low,Permeable Pavement,3,1,2,5,2,4,1.5,0.0,0.0,80.0,0,56.66666666666667,1800000,4
235,22500,0.04085570635529071,0.12256711906587214,6.0,0.9877432880934128,Very Low,Low,None,0,0,0,0,0,0,0.0,0.0,0.0,0.0,0,0.0,0,999
236,22500,0.06831370751820527,0.20494112255461583,6.0,0.9795058877445384,Very Low,Low,Permeable Pavement,3,1,2,5,2,4,1.5,0.0,0.0,80.0,0,56.66666666666667,1800000,4
237,22500,0.0,0.0,0.0,1.0,Very Low,Very Low,None,0,0,0,0,0,0,0.0,0.0,0.0,0.0,0,0.0,0,999
238,22500,0.0,0.0,0.0,1.0,Very Low,Very Low,None,0,0,0,0,0,0,0.0,0.0,0.0,0.0,0,0.0,0,999
239,22500,0.028798541466320587,0.08639562439896176,6.0,0.9913604375601038,Very Low,Very Low,None,0,0,0,0,0,0,0.0,0.0,0.0,0.0,0,0.0,0,999
240,22500,0.04021364338313812,0.12064093014941435,6.0,0.9879359069850586,Very Low,Low,None,0,0,0,0,0,0,0.0,0.0,0.0,0.0,0,0.0,0,999
241,22500,0.016919428970553547,0.05075828691166064,6.0,0.9949241713088339,Very Low,Very Low,None,0,0,0,0,0,0,0.0,0.0,0.0,0.0,0,0.0,0,999
242,22500,0.01877169668704176,0.056315090061125284,6.0,0.9943684909938875,Very Low,Very Low,None,0,0,0,0,0,0,0.0,0.0,0.0,0.0,0,0.0,0,999
243,22500,0.01616280592578536,0.04848841777735608,6.0,0.9951511582222644,Very Low,Very Low,None,0,0,0,0,0,0,0.0,0.0,0.0,0.0,0,0.0,0,999
244,22500,0.25487844849885355,0.7646353454965606,6.0,0.923536465450344,Low,Medium,Rain Garden,4,4,3,5,4,4,1.5,0.0,0.0,90.0,0,80.0,1575000,6
245,22500,0.5823539562757075,1.7470618688271227,6.0,0.8252938131172878,Medium,Very High,Ventilation Corridor,5,3,5,2,4,3,2.5,1.68,2464.0,0.0,112,73.33333333333333,2250000,3
246,22500,0.24707286002424023,0.7412185800727207,6.0,0.9258781419927279,Low,Medium,Rain Garden,4,4,3,5,4,4,1.5,0.0,0.0,90.0,0,80.0,1575000,6
247,22500,0.027689018091752622,0.08306705427525787,6.0,0.9916932945724742,Very Low,Very Low,None,0,0,0,0,0,0,0.0,0.0,0.0,0.0,0,0.0,0,999
248,22500,0.0,0.0,0.0,1.0,Very Low,Very Low,None,0,0,0,0,0,0,0.0,0.0,0.0,0.0,0,0.0,0,999
249,22500,0.14334087033984125,0.43002261101952377,6.0,0.9569977388980476,Very Low,Low,Permeable Pavement,3,1,2,5,2,4,1.5,0.0,0.0,80.0,0,56.66666666666667,1800000,4
250,22500,0.29993028144808687,0.8997908443442606,6.0,0.910020915565574,Low,Medium,Rain Garden,4,4,3,5,4,4,1.5,0.0,0.0,90.0,0,80.0,1575000,6
251,22500,0.03941316737350859,0.11823950212052578,6.0,0.9881760497879474,Very Low,Low,None,0,0,0,0,0,0,0.0,0.0,0.0,0.0,0,0.0,0,999
252,22500,0.18387113180287032,0.551613395408611,6.0,0.9448386604591389,Low,Medium,Rain Garden,4,4,3,5,4,4,1.5,0.0,0.0,90.0,0,80.0,1575000,6
253,22500,0.252772572655803,0.758317717967409,6.0,0.9241682282032591,Low,Medium,Rain Garden,4,4,3,5,4,4,1.5,0.0,0.0,90.0,0,80.0,1575000,6
254,22500,0.050298856720214384,0.15089657016064315,6.0,0.9849103429839356,Very Low,Low,Permeable Pavement,3,1,2,5,2,4,1.5,0.0,0.0,80.0,0,56.66666666666667,1800000,4
255,22500,0.014174127781793036,0.04252238334537911,6.0,0.9957477616654621,Very Low,Very Low,None,0,0,0,0,0,0,0.0,0.0,0.0,0.0,0,0.0,0,999
256,22500,0.11560257484108062,0.3468077245232419,6.0,0.9653192275476759,Very Low,Low,Permeable Pavement,3,1,2,5,2,4,1.5,0.0,0.0,80.0,0,56.66666666666667,1800000,4
257,22500,0.11126668629750426,0.3338000588925128,6.0,0.9666199941107487,Very Low,Low,Permeable Pavement,3,1,2,5,2,4,1.5,0.0,0.0,80.0,0,56.66666666666667,1800000,4
258,22500,0.0,0.0,0.0,1.0,Very Low,Very Low,None,0,0,0,0,0,0,0.0,0.0,0.0,0.0,0,0.0,0,999
259,22500,0.008209532775767978,0.024628598327303936,6.0,0.9975371401672696,Very Low,Very Low,None,0,0,0,0,0,0,0.0,0.0,0.0,0.0,0,0.0,0,999
260,22500,0.0,0.0,0.0,1.0,Very Low,Very Low,None,0,0,0,0,0,0,0.0,0.0,0.0,0.0,0,0.0,0,999
261,22500,0.0,0.0,0.0,1.0,Very Low,Very Low,None,0,0,0,0,0,0,0.0,0.0,0.0,0.0,0,0.0,0,999
262,22500,0.015274032574248352,0.04582209772274506,6.0,0.9954177902277255,Very Low,Very Low,None,0,0,0,0,0,0,0.0,0.0,0.0,0.0,0,0.0,0,999
263,22500,0.0,0.0,0.0,1.0,Very Low,Very Low,None,0,0,0,0,0,0,0.0,0.0,0.0,0.0,0,0.0,0,999
264,22500,0.17263554452420127,0.5179066335726038,6.0,0.9482093366427397,Low,Medium,Rain Garden,4,4,3,5,4,4,1.5,0.0,0.0,90.0,0,80.0,1575000,6
265,22500,0.43097507117151507,1.2929252135145453,6.0,0.8707074786485455,Medium,High,Ventilation Corridor,5,3,5,2,4,3,2.5,1.68,2464.0,0.0,112,73.33333333333333,2250000,3
266,22500,0.41053180046379745,1.2315954013913923,6.0,0.8768404598608608,Medium,High,Ventilation Corridor,5,3,5,2,4,3,2.5,1.68,2464.0,0.0,112,73.33333333333333,2250000,3
267,22500,0.2394863979697638,0.7184591939092914,6.0,0.9281540806090709,Low,Medium,Rain Garden,4,4,3,5,4,4,1.5,0.0,0.0,90.0,0,80.0,1575000,6
268,22500,0.1959087972061199,0.5877263916183597,6.0,0.941227360838164,Low,Medium,Rain Garden,4,4,3,5,4,4,1.5,0.0,0.0,90.0,0,80.0,1575000,6
269,22500,0.036963839626557866,0.1108915188796736,6.0,0.9889108481120327,Very Low,Low,None,0,0,0,0,0,0,0.0,0.0,0.0,0.0,0,0.0,0,999
270,22500,0.028631623794339096,0.0858948713830173,6.0,0.9914105128616982,Very Low,Very Low,None,0,0,0,0,0,0,0.0,0.0,0.0,0.0,0,0.0,0,999
271,22500,0.2659294758011427,0.797788427403428,6.0,0.9202211572596573,Low,Medium,Rain Garden,4,4,3,5,4,4,1.5,0.0,0.0,90.0,0,80.0,1575000,6
272,22500,0.035469498049607355,0.10640849414882206,6.0,0.9893591505851178,Very Low,Low,None,0,0,0,0,0,0,0.0,0.0,0.0,0.0,0,0.0,0,999
273,22500,0.13390010372759933,0.40170031118279803,6.0,0.9598299688817202,Very Low,Low,Permeable Pavement,3,1,2,5,2,4,1.5,0.0,0.0,80.0,0,56.66666666666667,1800000,4
274,22500,0.20127052578312776,0.6038115773493833,6.0,0.9396188422650616,Low,Medium,Rain Garden,4,4,3,5,4,4,1.5,0.0,0.0,90.0,0,80.0,1575000,6
275,22500,0.21587324462072457,0.6476197338621738,6.0,0.9352380266137826,Low,Medium,Rain Garden,4,4,3,5,4,4,1.5,0.0,0.0,90.0,0,80.0,1575000,6
276,22500,0.17298737275708254,0.5189621182712476,6.0,0.9481037881728752,Low,Medium,Rain Garden,4,4,3,5,4,4,1.5,0.0,0.0,90.0,0,80.0,1575000,6
277,22500,0.28897277987408826,0.8669183396222648,6.0,0.9133081660377735,Low,Medium,Rain Garden,4,4,3,5,4,4,1.5,0.0,0.0,90.0,0,80.0,1575000,6
278,22500,0.21228909035287583,0.6368672710586275,6.0,0.9363132728941372,Low,Medium,Rain Garden,4,4,3,5,4,4,1.5,0.0,0.0,90.0,0,80.0,1575000,6
279,22500,0.0,0.0,0.0,1.0,Very Low,Very Low,None,0,0,0,0,0,0,0.0,0.0,0.0,0.0,0,0.0,0,999
280,22500,0.0,0.0,0.0,1.0,Very Low,Very Low,None,0,0,0,0,0,0,0.0,0.0,0.0,0.0,0,0.0,0,999
281,22500,0.0,0.0,0.0,1.0,Very Low,Very Low,None,0,0,0,0,0,0,0.0,0.0,0.0,0.0,0,0.0,0,999
282,22500,0.0,0.0,0.0,1.0,Very Low,Very Low,None,0,0,0,0,0,0,0.0,0.0,0.0,0.0,0,0.0,0,999
283,22500,0.009389413664944094,0.028168240994832283,6.0,0.9971831759005167,Very Low,Very Low,None,0,0,0,0,0,0,0.0,0.0,0.0,0.0,0,0.0,0,999
284,22500,0.01869538630382144,0.056086158911464325,6.0,0.9943913841088535,Very Low,Very Low,None,0,0,0,0,0,0,0.0,0.0,0.0,0.0,0,0.0,0,999
285,22500,0.0943477661859517,0.2830432985578551,6.0,0.9716956701442145,Very Low,Low,Permeable Pavement,3,1,2,5,2,4,1.5,0.0,0.0,80.0,0,56.66666666666667,1800000,4
286,22500,0.24554530975623565,0.7366359292687069,6.0,0.9263364070731293,Low,Medium,Rain Garden,4,4,3,5,4,4,1.5,0.0,0.0,90.0,0,80.0,1575000,6
287,22500,0.3196899019259105,0.9590697057777315,6.0,0.9040930294222268,Medium,Medium,Ventilation Corridor,5,3,5,2,4,3,2.5,1.68,2464.0,0.0,112,73.33333333333333,2250000,3
288,22500,0.20707859749245516,0.6212357924773655,6.0,0.9378764207522634,Low,Medium,Rain Garden,4,4,3,5,4,4,1.5,0.0,0.0,90.0,0,80.0,1575000,6
289,22500,0.2194958190194966,0.6584874570584898,6.0,0.934151254294151,Low,Medium,Rain Garden,4,4,3,5,4,4,1.5,0.0,0.0,90.0,0,80.0,1575000,6
290,22500,0.171385692428887,0.5141570772866609,6.0,0.9485842922713339,Low,Medium,Rain Garden,4,4,3,5,4,4,1.5,0.0,0.0,90.0,0,80.0,1575000,6
291,22500,0.02498104117459179,0.07494312352377537,6.0,0.9925056876476225,Very Low,Very Low,None,0,0,0,0,0,0,0.0,0.0,0.0,0.0,0,0.0,0,999
292,22500,0.14726365030913371,0.5049039439170299,6.857142857142857,0.949509605608297,Very Low,Medium,Rain Garden,4,4,3,5,4,4,1.5,0.0,0.0,90.0,0,80.0,1575000,6
293,22500,0.03231827827592424,0.09695483482777273,6.0,0.9903045165172227,Very Low,Very Low,None,0,0,0,0,0,0,0.0,0.0,0.0,0.0,0,0.0,0,999
294,22500,0.22472045966436963,0.6741613789931089,6.0,0.9325838621006891,Low,Medium,Rain Garden,4,4,3,5,4,4,1.5,0.0,0.0,90.0,0,80.0,1575000,6
295,22500,0.20525570664500556,0.6157671199350166,6.0,0.9384232880064983,Low,Medium,Rain Garden,4,4,3,5,4,4,1.5,0.0,0.0,90.0,0,80.0,1575000,6
296,22500,0.1557440004285184,0.4672320012855552,6.0,0.9532767998714444,Low,Low,Permeable Pavement,3,1,2,5,2,4,1.5,0.0,0.0,80.0,0,56.66666666666667,1800000,4
297,22500,0.13624962959765352,0.40874888879296056,6.0,0.959125111120704,Very Low,Low,Permeable Pavement,3,1,2,5,2,4,1.5,0.0,0.0,80.0,0,56.66666666666667,1800000,4
298,22500,0.33572557332142994,1.0071767199642898,6.0,0.899282328003571,Medium,High,Ventilation Corridor,5,3,5,2,4,3,2.5,1.68,2464.0,0.0,112,73.33333333333333,2250000,3
299,22500,0.1480323018607834,0.44409690558235015,6.0,0.955590309441765,Very Low,Low,Permeable Pavement,3,1,2,5,2,4,1.5,0.0,0.0,80.0,0,56.66666666666667,1800000,4
300,22500,0.0,0.0,0.0,1.0,Very Low,Very Low,None,0,0,0,0,0,0,0.0,0.0,0.0,0.0,0,0.0,0,999
301,22500,0.0,0.0,0.0,1.0,Very Low,Very Low,None,0,0,0,0,0,0,0.0,0.0,0.0,0.0,0,0.0,0,999
302,22500,0.0,0.0,0.0,1.0,Very Low,Very Low,None,0,0,0,0,0,0,0.0,0.0,0.0,0.0,0,0.0,0,999
303,22500,0.014232609838481913,0.042697829515445734,6.0,0.9957302170484554,Very Low,Very Low,None,0,0,0,0,0,0,0.0,0.0,0.0,0.0,0,0.0,0,999
304,22500,0.0011269707866578655,0.0033809123599735967,6.0,0.9996619087640026,Very Low,Very Low,None,0,0,0,0,0,0,0.0,0.0,0.0,0.0,0,0.0,0,999
305,22500,0.006482434831946466,0.0194473044958394,6.0,0.998055269550416,Very Low,Very Low,None,0,0,0,0,0,0,0.0,0.0,0.0,0.0,0,0.0,0,999
306,22500,0.02390382434803211,0.07171147304409634,6.0,0.9928288526955904,Very Low,Very Low,None,0,0,0,0,0,0,0.0,0.0,0.0,0.0,0,0.0,0,999
307,22500,0.2332955826824013,0.699886748047204,6.0,0.9300113251952796,Low,Medium,Rain Garden,4,4,3,5,4,4,1.5,0.0,0.0,90.0,0,80.0,1575000,6
308,22500,0.17743204151372863,0.5322961245411859,6.0,0.9467703875458814,Low,Medium,Rain Garden,4,4,3,5,4,4,1.5,0.0,0.0,90.0,0,80.0,1575000,6
309,22500,0.17323040215939592,0.5196912064781878,6.0,0.9480308793521812,Low,Medium,Rain Garden,4,4,3,5,4,4,1.5,0.0,0.0,90.0,0,80.0,1575000,6
310,22500,0.18599438853094896,0.5579831655928469,6.0,0.9442016834407153,Low,Medium,Rain Garden,4,4,3,5,4,4,1.5,0.0,0.0,90.0,0,80.0,1575000,6
311,22500,0.2746248761578536,0.8238746284735607,6.0,0.9176125371526439,Low,Medium,Rain Garden,4,4,3,5,4,4,1.5,0.0,0.0,90.0,0,80.0,1575000,6
312,22500,0.0,0.0,0.0,1.0,Very Low,Very Low,None,0,0,0,0,0,0,0.0,0.0,0.0,0.0,0,0.0,0,999
313,22500,0.013244711757220999,0.039734135271662994,6.0,0.9960265864728337,Very Low,Very Low,None,0,0,0,0,0,0,0.0,0.0,0.0,0.0,0,0.0,0,999
314,22500,0.0,0.0,0.0,1.0,Very Low,Very Low,None,0,0,0,0,0,0,0.0,0.0,0.0,0.0,0,0.0,0,999
315,22500,0.2628051483149149,0.7884154449447447,6.0,0.9211584555055256,Low,Medium,Rain Garden,4,4,3,5,4,4,1.5,0.0,0.0,90.0,0,80.0,1575000,6
316,22500,0.15265295951824015,0.45795887855472045,6.0,0.9542041121445279,Low,Low,Permeable Pavement,3,1,2,5,2,4,1.5,0.0,0.0,80.0,0,56.66666666666667,1800000,4
317,22500,0.1157977719387009,0.3473933158161027,6.0,0.9652606684183898,Very Low,Low,Permeable Pavement,3,1,2,5,2,4,1.5,0.0,0.0,80.0,0,56.66666666666667,1800000,4
318,22500,0.14950729056860732,0.4485218717058219,6.0,0.9551478128294179,Very Low,Low,Permeable Pavement,3,1,2,5,2,4,1.5,0.0,0.0,80.0,0,56.66666666666667,1800000,4
319,22500,0.35902304017675324,1.0770691205302598,6.0,0.892293087946974,Medium,High,Ventilation Corridor,5,3,5,2,4,3,2.5,1.68,2464.0,0.0,112,73.33333333333333,2250000,3
320,22500,0.08991331072223369,0.26973993216670106,6.0,0.9730260067833298,Very Low,Low,Permeable Pavement,3,1,2,5,2,4,1.5,0.0,0.0,80.0,0,56.66666666666667,1800000,4
321,22500,0.0,0.0,0.0,1.0,Very Low,Very Low,None,0,0,0,0,0,0,0.0,0.0,0.0,0.0,0,0.0,0,999
322,22500,0.0,0.0,0.0,1.0,Very Low,Very Low,None,0,0,0,0,0,0,0.0,0.0,0.0,0.0,0,0.0,0,999
323,22500,0.011138676977825696,0.03341603093347709,6.0,0.9966583969066523,Very Low,Very Low,None,0,0,0,0,0,0,0.0,0.0,0.0,0.0,0,0.0,0,999
324,22500,0.06727757801888604,0.2018327340566581,6.0,0.9798167265943342,Very Low,Low,Permeable Pavement,3,1,2,5,2,4,1.5,0.0,0.0,80.0,0,56.66666666666667,1800000,4
325,22500,0.0030970001758050363,0.009291000527415109,6.0,0.9990708999472585,Very Low,Very Low,None,0,0,0,0,0,0,0.0,0.0,0.0,0.0,0,0.0,0,999
326,22500,0.0,0.0,0.0,1.0,Very Low,Very Low,None,0,0,0,0,0,0,0.0,0.0,0.0,0.0,0,0.0,0,999
327,22500,0.2553691341224295,0.7661074023672885,6.0,0.9233892597632711,Low,Medium,Rain Garden,4,4,3,5,4,4,1.5,0.0,0.0,90.0,0,80.0,1575000,6
328,22500,0.2179669590526871,0.6539008771580612,6.0,0.9346099122841939,Low,Medium,Rain Garden,4,4,3,5,4,4,1.5,0.0,0.0,90.0,0,80.0,1575000,6
329,22500,0.33142272529211375,0.9942681758763412,6.0,0.9005731824123658,Medium,Medium,Ventilation Corridor,5,3,5,2,4,3,2.5,1.68,2464.0,0.0,112,73.33333333333333,2250000,3
330,22500,0.28801187870037237,0.8640356361011171,6.0,0.9135964363898883,Low,Medium,Rain Garden,4,4,3,5,4,4,1.5,0.0,0.0,90.0,0,80.0,1575000,6
331,22500,0.10568434054207236,0.31705302162621707,6.0,0.9682946978373783,Very Low,Low,Permeable Pavement,3,1,2,5,2,4,1.5,0.0,0.0,80.0,0,56.66666666666667,1800000,4
332,22500,0.10115028745488354,0.30345086236465063,6.0,0.969654913763535,Very Low,Low,Permeable Pavement,3,1,2,5,2,4,1.5,0.0,0.0,80.0,0,56.66666666666667,1800000,4
333,22500,0.08271662751378038,0.24814988254134113,6.0,0.9751850117458659,Very Low,Low,Permeable Pavement,3,1,2,5,2,4,1.5,0.0,0.0,80.0,0,56.66666666666667,1800000,4
334,22500,7.199395633058705e-05,0.00021598186899176116,6.0,0.9999784018131008,Very Low,Very Low,None,0,0,0,0,0,0,0.0,0.0,0.0,0.0,0,0.0,0,999
335,22500,0.0,0.0,0.0,1.0,Very Low,Very Low,None,0,0,0,0,0,0,0.0,0.0,0.0,0.0,0,0.0,0,999
336,22500,0.06880846194969781,0.20642538584909342,6.0,0.9793574614150906,Very Low,Low,Permeable Pavement,3,1,2,5,2,4,1.5,0.0,0.0,80.0,0,56.66666666666667,1800000,4
337,22500,0.11700666215077106,0.3510199864523132,6.0,0.9648980013547687,Very Low,Low,Permeable Pavement,3,1,2,5,2,4,1.5,0.0,0.0,80.0,0,56.66666666666667,1800000,4
338,22500,0.06331344039632045,0.18994032118896134,6.0,0.9810059678811038,Very Low,Low,Permeable Pavement,3,1,2,5,2,4,1.5,0.0,0.0,80.0,0,56.66666666666667,1800000,4
339,22500,0.13088265869356527,0.3926479760806958,6.0,0.9607352023919304,Very Low,Low,Permeable Pavement,3,1,2,5,2,4,1.5,0.0,0.0,80.0,0,56.66666666666667,1800000,4
340,22500,0.07375239976604259,0.22125719929812776,6.0,0.9778742800701872,Very Low,Low,Permeable Pavement,3,1,2,5,2,4,1.5,0.0,0.0,80.0,0,56.66666666666667,1800000,4
341,22500,0.0519395459604429,0.15581863788132871,6.0,0.9844181362118671,Very Low,Low,Permeable Pavement,3,1,2,5,2,4,1.5,0.0,0.0,80.0,0,56.66666666666667,1800000,4
342,22500,0.0,0.0,0.0,1.0,Very Low,Very Low,None,0,0,0,0,0,0,0.0,0.0,0.0,0.0,0,0.0,0,999
343,22500,0.0,0.0,0.0,1.0,Very Low,Very Low,None,0,0,0,0,0,0,0.0,0.0,0.0,0.0,0,0.0,0,999
344,22500,0.011362473412089584,0.034087420236268755,6.0,0.9965912579763732,Very Low,Very Low,None,0,0,0,0,0,0,0.0,0.0,0.0,0.0,0,0.0,0,999
345,22500,0.005009326933680756,0.015027980801042267,6.0,0.9984972019198958,Very Low,Very Low,None,0,0,0,0,0,0,0.0,0.0,0.0,0.0,0,0.0,0,999
346,22500,0.0,0.0,0.0,1.0,Very Low,Very Low,None,0,0,0,0,0,0,0.0,0.0,0.0,0.0,0,0.0,0,999
347,22500,0.0,0.0,0.0,1.0,Very Low,Very Low,None,0,0,0,0,0,0,0.0,0.0,0.0,0.0,0,0.0,0,999
348,22500,0.20540951089286497,0.6162285326785949,6.0,0.9383771467321405,Low,Medium,Rain Garden,4,4,3,5,4,4,1.5,0.0,0.0,90.0,0,80.0,1575000,6
349,22500,0.1167913517598913,0.3503740552796739,6.0,0.9649625944720326,Very Low,Low,Permeable Pavement,3,1,2,5,2,4,1.5,0.0,0.0,80.0,0,56.66666666666667,1800000,4
350,22500,0.31011017913553796,0.9400214805045994,6.0625,0.9059978519495401,Medium,Medium,Ventilation Corridor,5,3,5,2,4,3,2.5,1.68,2464.0,0.0,112,73.33333333333333,2250000,3
351,22500,0.18998823791891079,0.5699647137567323,6.0,0.9430035286243268,Low,Medium,Rain Garden,4,4,3,5,4,4,1.5,0.0,0.0,90.0,0,80.0,1575000,6
352,22500,0.18277463266662486,0.5483238979998746,6.0,0.9451676102000125,Low,Medium,Rain Garden,4,4,3,5,4,4,1.5,0.0,0.0,90.0,0,80.0,1575000,6
353,22500,0.10215685024148795,0.30647055072446383,6.0,0.9693529449275536,Very Low,Low,Permeable Pavement,3,1,2,5,2,4,1.5,0.0,0.0,80.0,0,56.66666666666667,1800000,4
354,22500,0.20821575335615353,0.6246472600684606,6.0,0.937535273993154,Low,Medium,Rain Garden,4,4,3,5,4,4,1.5,0.0,0.0,90.0,0,80.0,1575000,6
355,22500,0.1071655823796659,0.32149674713899773,6.0,0.9678503252861003,Very Low,Low,Permeable Pavement,3,1,2,5,2,4,1.5,0.0,0.0,80.0,0,56.66666666666667,1800000,4
356,22500,0.002068490676693716,0.006205472030081148,6.0,0.9993794527969919,Very Low,Very Low,None,0,0,0,0,0,0,0.0,0.0,0.0,0.0,0,0.0,0,999
357,22500,0.03155003421322721,0.10648136546964183,6.75,0.9893518634530358,Very Low,Low,None,0,0,0,0,0,0,0.0,0.0,0.0,0.0,0,0.0,0,999
358,22500,0.03619822257063033,0.108594667711891,6.0,0.9891405332288109,Very Low,Low,None,0,0,0,0,0,0,0.0,0.0,0.0,0.0,0,0.0,0,999
359,22500,0.11613148272393438,0.34839444817180315,6.0,0.9651605551828197,Very Low,Low,Permeable Pavement,3,1,2,5,2,4,1.5,0.0,0.0,80.0,0,56.66666666666667,1800000,4
360,22500,0.13418523448220634,0.40255570344661906,6.0,0.9597444296553381,Very Low,Low,Permeable Pavement,3,1,2,5,2,4,1.5,0.0,0.0,80.0,0,56.66666666666667,1800000,4
361,22500,0.1043042285006129,0.3129126855018387,6.0,0.9687087314498162,Very Low,Low,Permeable Pavement,3,1,2,5,2,4,1.5,0.0,0.0,80.0,0,56.66666666666667,1800000,4
362,22500,0.041441843868661704,0.12432553160598511,6.0,0.9875674468394015,Very Low,Low,None,0,0,0,0,0,0,0.0,0.0,0.0,0.0,0,0.0,0,999
363,22500,0.02347467422910434,0.07042402268731301,6.0,0.9929575977312687,Very Low,Very Low,None,0,0,0,0,0,0,0.0,0.0,0.0,0.0,0,0.0,0,999
364,22500,0.0,0.0,0.0,1.0,Very Low,Very Low,None,0,0,0,0,0,0,0.0,0.0,0.0,0.0,0,0.0,0,999
365,22500,0.02044241633687392,0.061327249010621754,6.0,0.9938672750989378,Very Low,Very Low,None,0,0,0,0,0,0,0.0,0.0,0.0,0.0,0,0.0,0,999
366,22500,0.04993510978863454,0.14980532936590363,6.0,0.9850194670634096,Very Low,Low,None,0,0,0,0,0,0,0.0,0.0,0.0,0.0,0,0.0,0,999
367,22500,0.0,0.0,0.0,1.0,Very Low,Very Low,None,0,0,0,0,0,0,0.0,0.0,0.0,0.0,0,0.0,0,999
368,22500,0.024639033553760094,0.07391710066128028,6.0,0.992608289933872,Very Low,Very Low,None,0,0,0,0,0,0,0.0,0.0,0.0,0.0,0,0.0,0,999
369,22500,0.043831888679720425,0.13149566603916127,6.0,0.9868504333960839,Very Low,Low,None,0,0,0,0,0,0,0.0,0.0,0.0,0.0,0,0.0,0,999
370,22500,0.1537726238633214,0.46131787158996423,6.0,0.9538682128410035,Low,Low,Permeable Pavement,3,1,2,5,2,4,1.5,0.0,0.0,80.0,0,56.66666666666667,1800000,4
371,22500,0.13030263185036817,0.3909078955511045,6.0,0.9609092104448895,Very Low,Low,Permeable Pavement,3,1,2,5,2,4,1.5,0.0,0.0,80.0,0,56.66666666666667,1800000,4
372,22500,0.20380566440936207,0.6114169932280862,6.0,0.9388583006771913,Low,Medium,Rain Garden,4,4,3,5,4,4,1.5,0.0,0.0,90.0,0,80.0,1575000,6
373,22500,0.23300759671180402,0.699022790135412,6.0,0.9300977209864588,Low,Medium,Rain Garden,4,4,3,5,4,4,1.5,0.0,0.0,90.0,0,80.0,1575000,6
374,22500,0.20534012519070294,0.6160203755721088,6.0,0.9383979624427892,Low,Medium,Rain Garden,4,4,3,5,4,4,1.5,0.0,0.0,90.0,0,80.0,1575000,6
375,22500,0.28453678099282537,0.853610342978476,6.0,0.9146389657021524,Low,Medium,Rain Garden,4,4,3,5,4,4,1.5,0.0,0.0,90.0,0,80.0,1575000,6
376,22500,0.10367921526531154,0.3110376457959346,6.0,0.9688962354204065,Very Low,Low,Permeable Pavement,3,1,2,5,2,4,1.5,0.0,0.0,80.0,0,56.66666666666667,1800000,4
377,22500,0.022412213223946167,0.0672366396718385,6.0,0.9932763360328162,Very Low,Very Low,None,0,0,0,0,0,0,0.0,0.0,0.0,0.0,0,0.0,0,999
378,22500,0.060047567766000204,0.1801427032980006,6.0,0.9819857296701999,Very Low,Low,Permeable Pavement,3,1,2,5,2,4,1.5,0.0,0.0,80.0,0,56.66666666666667,1800000,4
379,22500,0.03753971214430035,0.11261913643290106,6.0,0.9887380863567099,Very Low,Low,None,0,0,0,0,0,0,0.0,0.0,0.0,0.0,0,0.0,0,999
380,22500,0.12698789295176172,0.38096367885528515,6.0,0.9619036321144715,Very Low,Low,Permeable Pavement,3,1,2,5,2,4,1.5,0.0,0.0,80.0,0,56.66666666666667,1800000,4
381,22500,0.17099793026938576,0.5129937908081572,6.0,0.9487006209191843,Low,Medium,Rain Garden,4,4,3,5,4,4,1.5,0.0,0.0,90.0,0,80.0,1575000,6
382,22500,0.14296882885870957,0.42890648657612873,6.0,0.9571093513423872,Very Low,Low,Permeable Pavement,3,1,2,5,2,4,1.5,0.0,0.0,80.0,0,56.66666666666667,1800000,4
383,22500,0.0822577585006821,0.24677327550204628,6.0,0.9753226724497954,Very Low,Low,Permeable Pavement,3,1,2,5,2,4,1.5,0.0,0.0,80.0,0,56.66666666666667,1800000,4
384,22500,0.08971892991165033,0.269156789734951,6.0,0.9730843210265049,Very Low,Low,Permeable Pavement,3,1,2,5,2,4,1.5,0.0,0.0,80.0,0,56.66666666666667,1800000,4
385,22500,0.049589878947342694,0.1487696368420281,6.0,0.9851230363157972,Very Low,Low,None,0,0,0,0,0,0,0.0,0.0,0.0,0.0,0,0.0,0,999
386,22500,0.04125650520467043,0.1237695156140113,6.0,0.9876230484385988,Very Low,Low,None,0,0,0,0,0,0,0.0,0.0,0.0,0.0,0,0.0,0,999
387,22500,0.021611326773397537,0.06483398032019261,6.0,0.9935166019679808,Very Low,Very Low,None,0,0,0,0,0,0,0.0,0.0,0.0,0.0,0,0.0,0,999
388,22500,0.007279033827337568,0.021837101482012705,6.0,0.9978162898517987,Very Low,Very Low,None,0,0,0,0,0,0,0.0,0.0,0.0,0.0,0,0.0,0,999
389,22500,0.031244063846534866,0.0937321915396046,6.0,0.9906267808460395,Very Low,Very Low,None,0,0,0,0,0,0,0.0,0.0,0.0,0.0,0,0.0,0,999
390,22500,0.10014527970495421,0.3004358391148626,6.0,0.9699564160885137,Very Low,Low,Permeable Pavement,3,1,2,5,2,4,1.5,0.0,0.0,80.0,0,56.66666666666667,1800000,4
391,22500,0.1919411906660186,0.5758235719980558,6.0,0.9424176428001945,Low,Medium,Rain Garden,4,4,3,5,4,4,1.5,0.0,0.0,90.0,0,80.0,1575000,6
392,22500,0.16765433550267894,0.5029630065080368,6.0,0.9497036993491963,Low,Medium,Rain Garden,4,4,3,5,4,4,1.5,0.0,0.0,90.0,0,80.0,1575000,6
393,22500,0.2022206430404578,0.6066619291213734,6.0,0.9393338070878626,Low,Medium,Rain Garden,4,4,3,5,4,4,1.5,0.0,0.0,90.0,0,80.0,1575000,6
394,22500,0.2592325571733495,0.7776976715200484,6.0,0.9222302328479952,Low,Medium,Rain Garden,4,4,3,5,4,4,1.5,0.0,0.0,90.0,0,80.0,1575000,6
395,22500,0.1586497687466859,0.4759493062400577,6.0,0.9524050693759942,Low,Low,Permeable Pavement,3,1,2,5,2,4,1.5,0.0,0.0,80.0,0,56.66666666666667,1800000,4
396,22500,0.26081565005310425,0.7824469501593128,6.0,0.9217553049840688,Low,Medium,Rain Garden,4,4,3,5,4,4,1.5,0.0,0.0,90.0,0,80.0,1575000,6
397,22500,0.2691969700628619,0.8075909101885858,6.0,0.9192409089811414,Low,Medium,Rain Garden,4,4,3,5,4,4,1.5,0.0,0.0,90.0,0,80.0,1575000,6
398,22500,0.02264136708165145,0.06792410124495435,6.0,0.9932075898755046,Very Low,Very Low,None,0,0,0,0,0,0,0.0,0.0,0.0,0.0,0,0.0,0,999
399,22500,0.05180812288957657,0.15542436866872972,6.0,0.984457563133127,Very Low,Low,Permeable Pavement,3,1,2,5,2,4,1.5,0.0,0.0,80.0,0,56.66666666666667,1800000,4
400,22500,0.11635528061259212,0.34906584183777634,6.0,0.9650934158162223,Very Low,Low,Permeable Pavement,3,1,2,5,2,4,1.5,0.0,0.0,80.0,0,56.66666666666667,1800000,4
401,22500,0.10489504186981109,0.3146851256094333,6.0,0.9685314874390567,Very Low,Low,Permeable Pavement,3,1,2,5,2,4,1.5,0.0,0.0,80.0,0,56.66666666666667,1800000,4
402,22500,0.05024378895566694,0.1507313668670008,6.0,0.9849268633132999,Very Low,Low,Permeable Pavement,3,1,2,5,2,4,1.5,0.0,0.0,80.0,0,56.66666666666667,1800000,4
403,22500,0.13071078876279557,0.3921323662883867,6.0,0.9607867633711613,Very Low,Low,Permeable Pavement,3,1,2,5,2,4,1.5,0.0,0.0,80.0,0,56.66666666666667,1800000,4
404,22500,0.08781586970826023,0.2634476091247807,6.0,0.9736552390875219,Very Low,Low,Permeable Pavement,3,1,2,5,2,4,1.5,0.0,0.0,80.0,0,56.66666666666667,1800000,4
405,22500,0.040407286141525986,0.12122185842457796,6.0,0.9878778141575422,Very Low,Low,None,0,0,0,0,0,0,0.0,0.0,0.0,0.0,0,0.0,0,999
406,22500,0.0829476063566408,0.2488428190699224,6.0,0.9751157180930078,Very Low,Low,Permeable Pavement,3,1,2,5,2,4,1.5,0.0,0.0,80.0,0,56.66666666666667,1800000,4
407,22500,0.1353469625448083,0.4060408876344249,6.0,0.9593959112365575,Very Low,Low,Permeable Pavement,3,1,2,5,2,4,1.5,0.0,0.0,80.0,0,56.66666666666667,1800000,4
408,22500,0.08043481995182879,0.24130445985548638,6.0,0.9758695540144514,Very Low,Low,Permeable Pavement,3,1,2,5,2,4,1.5,0.0,0.0,80.0,0,56.66666666666667,1800000,4
409,22500,0.09967815318131307,0.2990344595439392,6.0,0.9700965540456061,Very Low,Low,Permeable Pavement,3,1,2,5,2,4,1.5,0.0,0.0,80.0,0,56.66666666666667,1800000,4
410,22500,0.08028476668880392,0.2408543000664118,6.0,0.9759145699933588,Very Low,Low,Permeable Pavement,3,1,2,5,2,4,1.5,0.0,0.0,80.0,0,56.66666666666667,1800000,4
411,22500,0.23095778725952382,0.6928733617785714,6.0,0.9307126638221429,Low,Medium,Rain Garden,4,4,3,5,4,4,1.5,0.0,0.0,90.0,0,80.0,1575000,6
412,22500,0.37767671102274053,1.1330301330682215,6.0,0.8866969866931779,Medium,High,Ventilation Corridor,5,3,5,2,4,3,2.5,1.68,2464.0,0.0,112,73.33333333333333,2250000,3
413,22500,0.3091003931815945,0.9273011795447834,6.0,0.9072698820455216,Medium,Medium,Ventilation Corridor,5,3,5,2,4,3,2.5,1.68,2464.0,0.0,112,73.33333333333333,2250000,3
414,22500,0.43085314104676364,1.292559423140291,6.0,0.8707440576859709,Medium,High,Ventilation Corridor,5,3,5,2,4,3,2.5,1.68,2464.0,0.0,112,73.33333333333333,2250000,3
415,22500,0.3509454634602097,1.0528363903806293,6.0,0.8947163609619371,Medium,High,Ventilation Corridor,5,3,5,2,4,3,2.5,1.68,2464.0,0.0,112,73.33333333333333,2250000,3
416,22500,0.23717619673118331,0.71152859019355,6.0,0.928847140980645,Low,Medium,Rain Garden,4,4,3,5,4,4,1.5,0.0,0.0,90.0,0,80.0,1575000,6
417,22500,0.35679809901234416,1.0703942970370326,6.0,0.8929605702962967,Medium,High,Ventilation Corridor,5,3,5,2,4,3,2.5,1.68,2464.0,0.0,112,73.33333333333333,2250000,3
418,22500,0.3200803851978167,0.96024115559345,6.0,0.903975884440655,Medium,Medium,Ventilation Corridor,5,3,5,2,4,3,2.5,1.68,2464.0,0.0,112,73.33333333333333,2250000,3
419,22500,0.005078163566785459,0.015234490700356377,6.0,0.9984765509299643,Very Low,Very Low,None,0,0,0,0,0,0,0.0,0.0,0.0,0.0,0,0.0,0,999
420,22500,0.0,0.0,0.0,1.0,Very Low,Very Low,None,0,0,0,0,0,0,0.0,0.0,0.0,0.0,0,0.0,0,999
421,22500,0.0,0.0,0.0,1.0,Very Low,Very Low,None,0,0,0,0,0,0,0.0,0.0,0.0,0.0,0,0.0,0,999
422,22500,0.0,0.0,0.0,1.0,Very Low,Very Low,None,0,0,0,0,0,0,0.0,0.0,0.0,0.0,0,0.0,0,999
423,22500,0.001124787877785224,0.0033743636333556717,6.0,0.9996625636366644,Very Low,Very Low,None,0,0,0,0,0,0,0.0,0.0,0.0,0.0,0,0.0,0,999
424,22500,0.00040599933423563097,0.001217998002706893,6.0,0.9998782001997293,Very Low,Very Low,None,0,0,0,0,0,0,0.0,0.0,0.0,0.0,0,0.0,0,999
425,22500,0.000941881687857924,0.002825645063573772,6.0,0.9997174354936427,Very Low,Very Low,None,0,0,0,0,0,0,0.0,0.0,0.0,0.0,0,0.0,0,999
426,22500,0.0,0.0,0.0,1.0,Very Low,Very Low,None,0,0,0,0,0,0,0.0,0.0,0.0,0.0,0,0.0,0,999
427,22500,0.006852254266243882,0.020556762798731646,6.0,0.9979443237201269,Very Low,Very Low,None,0,0,0,0,0,0,0.0,0.0,0.0,0.0,0,0.0,0,999
428,22500,0.009019256000712565,0.027057768002137696,6.0,0.9972942231997862,Very Low,Very Low,None,0,0,0,0,0,0,0.0,0.0,0.0,0.0,0,0.0,0,999
429,22500,0.0046515152986089095,0.013954545895826728,6.0,0.9986045454104173,Very Low,Very Low,None,0,0,0,0,0,0,0.0,0.0,0.0,0.0,0,0.0,0,999
430,22500,0.015351769120690839,0.046055307362072515,6.0,0.9953944692637927,Very Low,Very Low,None,0,0,0,0,0,0,0.0,0.0,0.0,0.0,0,0.0,0,999
431,22500,0.006523043205681115,0.019569129617043345,6.0,0.9980430870382957,Very Low,Very Low,None,0,0,0,0,0,0,0.0,0.0,0.0,0.0,0,0.0,0,999
432,22500,0.0025023925174586115,0.007507177552375835,6.0,0.9992492822447624,Very Low,Very Low,None,0,0,0,0,0,0,0.0,0.0,0.0,0.0,0,0.0,0,999
433,22500,0.06149309672221086,0.18447929016663256,6.0,0.9815520709833367,Very Low,Low,Permeable Pavement,3,1,2,5,2,4,1.5,0.0,0.0,80.0,0,56.66666666666667,1800000,4
434,22500,0.044011993001704365,0.1320359790051131,6.0,0.9867964020994887,Very Low,Low,None,0,0,0,0,0,0,0.0,0.0,0.0,0.0,0,0.0,0,999
435,22500,0.056516336739847226,0.16954901021954166,6.0,0.9830450989780458,Very Low,Low,Permeable Pavement,3,1,2,5,2,4,1.5,0.0,0.0,80.0,0,56.66666666666667,1800000,4
436,22500,0.03412896248714457,0.1023868874614337,6.0,0.9897613112538566,Very Low,Low,None,0,0,0,0,0,0,0.0,0.0,0.0,0.0,0,0.0,0,999
437,22500,0.00753363048892505,0.02260089146677515,6.0,0.9977399108533225,Very Low,Very Low,None,0,0,0,0,0,0,0.0,0.0,0.0,0.0,0,0.0,0,999
438,22500,0.053521538246906676,0.16056461474072004,6.0,0.983943538525928,Very Low,Low,Permeable Pavement,3,1,2,5,2,4,1.5,0.0,0.0,80.0,0,56.66666666666667,1800000,4
439,22500,0.08530513180125114,0.2559153954037534,6.0,0.9744084604596247,Very Low,Low,Permeable Pavement,3,1,2,5,2,4,1.5,0.0,0.0,80.0,0,56.66666666666667,1800000,4
440,22500,8.878221466071758e-05,0.00026634664398215275,6.0,0.9999733653356018,Very Low,Very Low,None,0,0,0,0,0,0,0.0,0.0,0.0,0.0,0,0.0,0,999
